<?xml version='1.0' encoding='utf-8'?>
<odoo>
    <data>
        <record id="category_admin" model="ir.module.category">
            <field name="name">Akses Modul Pengelolaan Data Guru dan Absensi</field>
        </record>

        
        <record id="group_guru" model="res.groups">
            <field name="name">Read Only Data Guru dan Absensi</field>
            <field name="category_id" ref="category_admin"/>
        </record>

        <record id="group_admin" model="res.groups">
            <field name="name">Admin Data Guru dan Absensi</field>
            <field name="category_id" ref="category_admin"/>
            <field name="implied_ids" eval="[(4, ref('group_guru') )]" />
        </record>
    </data>
    
</odoo>